order,original_clip_idx,filename,class_label,class_name,demand_env,snr_db,beep_start_s,clip_start_s,clip_end_s,ravdess_files
1,112,calm_speech_NPARK_002.wav,1,calm_speech,NPARK,8.8,0.0,4.0,49.0,03-01-01-01-02-02-16.wav|03-01-02-01-02-02-13.wav|03-01-02-01-02-02-13.wav|03-01-02-02-02-01-17.wav|03-01-02-01-01-01-01.wav|03-01-01-01-01-02-03.wav|03-01-01-01-02-01-22.wav|03-01-01-01-02-02-13.wav|03-01-02-02-01-02-10.wav|03-01-01-01-01-01-16.wav|03-01-01-01-01-02-09.wav|03-01-02-02-01-01-11.wav
2,140,distress_DLIVING_010.wav,2,distress,DLIVING,6.7,49.0,53.0,98.0,03-01-05-01-01-01-15.wav|03-01-05-01-02-01-14.wav|03-01-06-01-02-02-22.wav|03-01-06-01-01-02-08.wav|03-01-05-01-02-02-15.wav|03-01-05-01-01-02-10.wav|03-01-06-02-02-01-24.wav|03-01-05-02-01-01-15.wav|03-01-05-01-01-01-18.wav|03-01-06-02-02-02-10.wav|03-01-05-01-01-01-16.wav
3,14,background_DLIVING_004.wav,0,background,DLIVING,N/A,98.0,102.0,147.0,N/A
4,178,distress_NPARK_008.wav,2,distress,NPARK,5.6,147.0,151.0,196.0,03-01-06-02-01-01-04.wav|03-01-06-02-02-01-10.wav|03-01-06-02-02-02-13.wav|03-01-05-01-01-01-17.wav|03-01-06-01-02-01-23.wav|03-01-05-02-01-01-10.wav|03-01-06-02-01-01-04.wav|03-01-06-01-01-01-10.wav|03-01-06-02-02-02-20.wav|03-01-05-01-01-01-08.wav|03-01-05-02-01-01-05.wav
5,137,distress_DLIVING_007.wav,2,distress,DLIVING,10.8,196.0,200.0,245.0,03-01-06-01-01-02-05.wav|03-01-05-01-02-02-12.wav|03-01-05-01-02-01-21.wav|03-01-05-01-02-02-22.wav|03-01-05-01-02-01-05.wav|03-01-06-02-01-01-23.wav|03-01-06-01-01-02-03.wav|03-01-06-02-02-01-18.wav|03-01-06-02-02-02-21.wav|03-01-06-01-01-01-11.wav|03-01-05-01-01-02-05.wav
6,155,distress_SPSQUARE_005.wav,2,distress,SPSQUARE,8.0,245.0,249.0,294.0,03-01-05-01-02-01-06.wav|03-01-06-02-01-02-23.wav|03-01-05-02-02-02-23.wav|03-01-06-01-01-02-06.wav|03-01-06-01-01-02-12.wav|03-01-05-01-02-02-08.wav|03-01-05-02-02-01-07.wav|03-01-05-02-02-02-05.wav|03-01-06-01-02-02-16.wav|03-01-05-02-02-02-12.wav|03-01-05-02-01-02-19.wav
7,62,calm_speech_DKITCHEN_002.wav,1,calm_speech,DKITCHEN,9.5,294.0,298.0,343.0,03-01-02-01-02-01-16.wav|03-01-02-02-01-02-16.wav|03-01-02-02-02-01-09.wav|03-01-02-01-01-01-12.wav|03-01-01-01-01-01-04.wav|03-01-01-01-02-02-08.wav|03-01-02-01-02-01-11.wav|03-01-02-01-01-02-20.wav|03-01-02-01-02-01-12.wav|03-01-02-02-01-02-24.wav|03-01-02-02-02-01-14.wav
8,72,calm_speech_DLIVING_002.wav,1,calm_speech,DLIVING,12.0,343.0,347.0,392.0,03-01-02-02-01-01-24.wav|03-01-02-02-02-01-21.wav|03-01-01-01-01-02-09.wav|03-01-01-01-02-02-10.wav|03-01-02-01-01-01-03.wav|03-01-01-01-01-02-24.wav|03-01-02-01-02-02-14.wav|03-01-01-01-01-02-03.wav|03-01-02-01-01-02-21.wav|03-01-02-02-01-01-23.wav|03-01-02-01-01-01-03.wav
9,40,background_SPSQUARE_010.wav,0,background,SPSQUARE,N/A,392.0,396.0,441.0,N/A
10,118,calm_speech_NPARK_008.wav,1,calm_speech,NPARK,11.0,441.0,445.0,490.0,03-01-02-02-02-01-01.wav|03-01-01-01-02-01-15.wav|03-01-02-01-01-02-06.wav|03-01-02-02-01-02-09.wav|03-01-02-01-02-02-24.wav|03-01-01-01-02-01-10.wav|03-01-02-02-02-02-10.wav|03-01-02-01-01-01-07.wav|03-01-01-01-01-01-01.wav|03-01-01-01-02-02-07.wav|03-01-01-01-01-01-24.wav
11,71,calm_speech_DLIVING_001.wav,1,calm_speech,DLIVING,11.5,490.0,494.0,539.0,03-01-01-01-01-01-24.wav|03-01-02-01-02-02-01.wav|03-01-02-02-02-02-04.wav|03-01-01-01-01-01-11.wav|03-01-02-01-01-01-18.wav|03-01-02-01-02-02-21.wav|03-01-01-01-01-02-18.wav|03-01-02-01-01-02-03.wav|03-01-01-01-02-01-17.wav|03-01-02-01-02-02-17.wav|03-01-02-02-01-01-20.wav
12,133,distress_DLIVING_003.wav,2,distress,DLIVING,14.9,539.0,543.0,588.0,03-01-05-02-02-02-11.wav|03-01-05-02-01-01-21.wav|03-01-06-02-01-02-05.wav|03-01-05-01-02-01-03.wav|03-01-05-01-02-01-15.wav|03-01-06-01-02-02-10.wav|03-01-06-02-01-01-09.wav|03-01-06-02-01-01-02.wav|03-01-05-01-02-02-17.wav|03-01-06-02-02-02-10.wav|03-01-05-02-02-02-15.wav
13,60,background_NPARK_010.wav,0,background,NPARK,N/A,588.0,592.0,637.0,N/A
14,26,background_PRESTO_006.wav,0,background,PRESTO,N/A,637.0,641.0,686.0,N/A
15,73,calm_speech_DLIVING_003.wav,1,calm_speech,DLIVING,5.8,686.0,690.0,735.0,03-01-02-02-02-02-08.wav|03-01-02-02-02-01-03.wav|03-01-01-01-01-02-11.wav|03-01-01-01-01-02-06.wav|03-01-02-01-02-02-11.wav|03-01-02-02-01-01-02.wav|03-01-02-01-02-02-04.wav|03-01-01-01-02-02-23.wav|03-01-01-01-01-02-12.wav|03-01-02-01-02-02-14.wav|03-01-01-01-02-02-12.wav
16,22,background_PRESTO_002.wav,0,background,PRESTO,N/A,735.0,739.0,784.0,N/A
17,179,distress_NPARK_009.wav,2,distress,NPARK,9.5,784.0,788.0,833.0,03-01-06-01-01-02-20.wav|03-01-05-02-01-01-14.wav|03-01-06-01-01-02-18.wav|03-01-05-01-01-02-16.wav|03-01-05-01-02-02-18.wav|03-01-05-02-01-01-22.wav|03-01-06-02-02-02-07.wav|03-01-06-02-02-01-08.wav|03-01-05-01-01-02-20.wav|03-01-06-01-01-01-03.wav
18,172,distress_NPARK_002.wav,2,distress,NPARK,11.6,833.0,837.0,882.0,03-01-06-02-02-02-24.wav|03-01-06-01-02-01-07.wav|03-01-05-01-02-02-18.wav|03-01-06-02-02-02-18.wav|03-01-06-01-02-02-09.wav|03-01-05-02-02-02-04.wav|03-01-06-01-02-02-24.wav|03-01-06-01-02-01-08.wav|03-01-06-01-01-02-02.wav|03-01-06-02-02-02-17.wav|03-01-06-01-02-01-21.wav
19,170,distress_OHALLWAY_010.wav,2,distress,OHALLWAY,12.2,882.0,886.0,931.0,03-01-06-02-02-02-21.wav|03-01-05-01-02-02-23.wav|03-01-06-02-01-01-20.wav|03-01-05-01-02-02-07.wav|03-01-06-02-02-01-08.wav|03-01-06-02-01-02-18.wav|03-01-05-02-01-02-08.wav|03-01-06-01-01-02-10.wav|03-01-05-01-02-02-10.wav|03-01-06-01-01-02-07.wav|03-01-06-01-02-01-23.wav
20,135,distress_DLIVING_005.wav,2,distress,DLIVING,6.5,931.0,935.0,980.0,03-01-06-02-02-02-02.wav|03-01-05-02-01-01-04.wav|03-01-06-02-02-02-11.wav|03-01-06-01-01-02-03.wav|03-01-05-02-02-01-21.wav|03-01-05-02-01-02-02.wav|03-01-06-02-01-01-23.wav|03-01-05-01-01-01-15.wav|03-01-06-02-01-02-17.wav|03-01-05-01-01-01-06.wav|03-01-06-02-02-02-12.wav
21,2,background_DKITCHEN_002.wav,0,background,DKITCHEN,N/A,980.0,984.0,1029.0,N/A
22,78,calm_speech_DLIVING_008.wav,1,calm_speech,DLIVING,10.6,1029.0,1033.0,1078.0,03-01-02-01-01-01-18.wav|03-01-02-02-01-01-07.wav|03-01-01-01-01-01-11.wav|03-01-02-02-02-01-07.wav|03-01-02-01-02-02-08.wav|03-01-02-01-02-02-18.wav|03-01-02-01-02-01-08.wav|03-01-01-01-02-01-15.wav|03-01-02-01-02-01-18.wav|03-01-02-01-01-02-11.wav|03-01-02-02-01-02-07.wav
23,83,calm_speech_PRESTO_003.wav,1,calm_speech,PRESTO,14.6,1078.0,1082.0,1127.0,03-01-01-01-02-01-08.wav|03-01-02-01-01-02-04.wav|03-01-02-02-02-02-22.wav|03-01-01-01-02-02-15.wav|03-01-01-01-01-02-11.wav|03-01-01-01-02-02-14.wav|03-01-02-01-01-01-09.wav|03-01-01-01-02-01-02.wav|03-01-02-01-02-01-11.wav|03-01-01-01-01-02-04.wav|03-01-02-02-01-01-18.wav|03-01-01-01-02-02-09.wav
24,37,background_SPSQUARE_007.wav,0,background,SPSQUARE,N/A,1127.0,1131.0,1176.0,N/A
25,48,background_OHALLWAY_008.wav,0,background,OHALLWAY,N/A,1176.0,1180.0,1225.0,N/A
26,44,background_OHALLWAY_004.wav,0,background,OHALLWAY,N/A,1225.0,1229.0,1274.0,N/A
27,103,calm_speech_OHALLWAY_003.wav,1,calm_speech,OHALLWAY,7.9,1274.0,1278.0,1323.0,03-01-01-01-01-02-18.wav|03-01-02-01-01-02-24.wav|03-01-02-02-01-01-20.wav|03-01-02-01-01-01-14.wav|03-01-02-02-01-02-14.wav|03-01-01-01-02-01-18.wav|03-01-02-02-02-02-22.wav|03-01-01-01-01-02-01.wav|03-01-01-01-01-02-24.wav|03-01-02-01-02-02-18.wav|03-01-01-01-01-01-09.wav
28,82,calm_speech_PRESTO_002.wav,1,calm_speech,PRESTO,6.9,1323.0,1327.0,1372.0,03-01-01-01-02-01-17.wav|03-01-02-01-01-02-08.wav|03-01-02-02-02-01-13.wav|03-01-02-01-01-01-24.wav|03-01-01-01-01-02-01.wav|03-01-01-01-02-02-13.wav|03-01-02-02-02-02-19.wav|03-01-02-02-01-01-14.wav|03-01-02-01-01-02-19.wav|03-01-01-01-01-01-10.wav|03-01-01-01-02-02-21.wav
29,11,background_DLIVING_001.wav,0,background,DLIVING,N/A,1372.0,1376.0,1421.0,N/A
30,92,calm_speech_SPSQUARE_002.wav,1,calm_speech,SPSQUARE,6.1,1421.0,1425.0,1470.0,03-01-02-01-01-01-16.wav|03-01-02-02-02-02-20.wav|03-01-02-01-02-01-07.wav|03-01-02-01-02-02-08.wav|03-01-01-01-02-02-23.wav|03-01-02-01-02-01-12.wav|03-01-02-01-02-01-23.wav|03-01-02-02-01-01-21.wav|03-01-01-01-01-01-19.wav|03-01-02-01-01-02-12.wav|03-01-02-01-02-01-11.wav
31,147,distress_PRESTO_007.wav,2,distress,PRESTO,8.4,1470.0,1474.0,1519.0,03-01-05-02-02-02-24.wav|03-01-05-02-01-01-21.wav|03-01-06-01-01-02-19.wav|03-01-06-01-02-01-11.wav|03-01-05-02-02-01-02.wav|03-01-05-02-02-02-18.wav|03-01-06-02-02-02-21.wav|03-01-06-02-02-02-22.wav|03-01-05-02-01-02-23.wav|03-01-05-02-02-02-21.wav|03-01-05-02-01-02-05.wav
32,151,distress_SPSQUARE_001.wav,2,distress,SPSQUARE,13.7,1519.0,1523.0,1568.0,03-01-05-02-02-01-12.wav|03-01-06-02-02-01-14.wav|03-01-06-01-02-02-21.wav|03-01-06-02-02-01-02.wav|03-01-06-01-01-01-22.wav|03-01-06-02-02-02-13.wav|03-01-05-02-02-01-17.wav|03-01-06-02-02-01-24.wav|03-01-05-01-01-01-06.wav|03-01-06-02-02-01-01.wav|03-01-06-01-02-01-20.wav
33,122,distress_DKITCHEN_002.wav,2,distress,DKITCHEN,13.9,1568.0,1572.0,1617.0,03-01-05-01-02-02-14.wav|03-01-06-01-01-01-15.wav|03-01-05-02-01-01-14.wav|03-01-05-01-01-01-04.wav|03-01-06-01-02-01-14.wav|03-01-05-02-01-01-22.wav|03-01-06-02-02-01-12.wav|03-01-06-02-02-02-05.wav|03-01-05-01-02-01-16.wav|03-01-06-02-02-02-03.wav|03-01-06-01-01-02-03.wav
34,100,calm_speech_SPSQUARE_010.wav,1,calm_speech,SPSQUARE,11.3,1617.0,1621.0,1666.0,03-01-02-01-01-01-09.wav|03-01-02-02-02-01-05.wav|03-01-02-01-02-02-10.wav|03-01-01-01-02-01-07.wav|03-01-02-01-01-01-12.wav|03-01-01-01-01-01-07.wav|03-01-02-01-01-02-03.wav|03-01-01-01-01-02-14.wav|03-01-01-01-02-01-13.wav|03-01-01-01-02-02-06.wav|03-01-02-02-02-02-13.wav
35,161,distress_OHALLWAY_001.wav,2,distress,OHALLWAY,6.4,1666.0,1670.0,1715.0,03-01-06-01-01-02-23.wav|03-01-05-02-02-02-24.wav|03-01-05-01-01-01-12.wav|03-01-06-02-01-01-13.wav|03-01-06-02-01-02-12.wav|03-01-06-02-02-02-18.wav|03-01-05-01-02-02-11.wav|03-01-06-02-01-02-15.wav|03-01-05-02-02-02-09.wav|03-01-06-02-02-01-08.wav|03-01-05-01-01-02-04.wav
36,123,distress_DKITCHEN_003.wav,2,distress,DKITCHEN,6.0,1715.0,1719.0,1764.0,03-01-06-01-02-01-24.wav|03-01-05-01-02-01-05.wav|03-01-06-02-01-02-02.wav|03-01-06-02-02-02-18.wav|03-01-06-01-01-01-11.wav|03-01-06-02-02-01-04.wav|03-01-05-02-01-02-12.wav|03-01-05-02-01-01-22.wav|03-01-06-01-01-01-14.wav|03-01-05-01-01-02-24.wav|03-01-05-01-02-02-10.wav
37,81,calm_speech_PRESTO_001.wav,1,calm_speech,PRESTO,5.0,1764.0,1768.0,1813.0,03-01-02-01-02-01-23.wav|03-01-02-01-01-02-09.wav|03-01-02-02-02-02-19.wav|03-01-01-01-01-02-15.wav|03-01-02-01-02-02-14.wav|03-01-01-01-02-02-06.wav|03-01-02-02-01-02-13.wav|03-01-01-01-02-02-14.wav|03-01-02-01-01-02-18.wav|03-01-01-01-02-01-18.wav|03-01-02-01-02-02-13.wav
38,156,distress_SPSQUARE_006.wav,2,distress,SPSQUARE,13.0,1813.0,1817.0,1862.0,03-01-06-01-02-01-18.wav|03-01-06-02-02-01-20.wav|03-01-06-02-01-01-03.wav|03-01-06-02-02-02-10.wav|03-01-06-01-01-02-23.wav|03-01-05-02-02-02-16.wav|03-01-05-01-02-01-14.wav|03-01-05-01-01-02-14.wav|03-01-05-02-02-01-19.wav|03-01-05-01-01-01-05.wav|03-01-05-01-02-01-11.wav
39,68,calm_speech_DKITCHEN_008.wav,1,calm_speech,DKITCHEN,14.3,1862.0,1866.0,1911.0,03-01-02-01-02-01-09.wav|03-01-01-01-02-01-14.wav|03-01-02-02-02-02-16.wav|03-01-01-01-01-01-23.wav|03-01-01-01-01-02-06.wav|03-01-02-01-02-02-10.wav|03-01-02-01-01-02-15.wav|03-01-02-01-02-02-24.wav|03-01-02-01-01-01-10.wav|03-01-01-01-01-01-04.wav|03-01-02-01-01-02-03.wav|03-01-02-02-02-01-03.wav
40,63,calm_speech_DKITCHEN_003.wav,1,calm_speech,DKITCHEN,12.8,1911.0,1915.0,1960.0,03-01-02-02-01-02-10.wav|03-01-02-01-01-02-02.wav|03-01-02-01-01-01-14.wav|03-01-02-01-01-02-12.wav|03-01-01-01-01-02-10.wav|03-01-02-01-01-01-14.wav|03-01-01-01-02-02-22.wav|03-01-02-02-02-01-20.wav|03-01-01-01-02-02-12.wav|03-01-02-01-02-02-11.wav|03-01-02-02-02-02-24.wav
41,80,calm_speech_DLIVING_010.wav,1,calm_speech,DLIVING,10.1,1960.0,1964.0,2009.0,03-01-02-02-02-02-23.wav|03-01-01-01-01-02-02.wav|03-01-01-01-01-02-12.wav|03-01-01-01-02-02-12.wav|03-01-02-01-02-02-05.wav|03-01-01-01-02-01-19.wav|03-01-02-01-02-02-14.wav|03-01-02-02-01-02-22.wav|03-01-02-01-01-02-17.wav|03-01-01-01-01-02-09.wav|03-01-02-02-02-02-02.wav
42,88,calm_speech_PRESTO_008.wav,1,calm_speech,PRESTO,8.9,2009.0,2013.0,2058.0,03-01-01-01-02-02-18.wav|03-01-01-01-01-01-08.wav|03-01-01-01-01-02-20.wav|03-01-02-01-01-01-06.wav|03-01-02-02-02-01-23.wav|03-01-02-02-01-01-17.wav|03-01-01-01-01-01-02.wav|03-01-02-02-02-01-19.wav|03-01-02-01-01-02-20.wav|03-01-01-01-01-02-03.wav|03-01-01-01-02-01-17.wav
43,50,background_OHALLWAY_010.wav,0,background,OHALLWAY,N/A,2058.0,2062.0,2107.0,N/A
44,110,calm_speech_OHALLWAY_010.wav,1,calm_speech,OHALLWAY,7.9,2107.0,2111.0,2156.0,03-01-02-02-02-02-16.wav|03-01-01-01-02-02-07.wav|03-01-02-02-01-01-23.wav|03-01-02-02-01-02-08.wav|03-01-02-01-01-02-08.wav|03-01-01-01-02-02-17.wav|03-01-01-01-02-02-11.wav|03-01-01-01-01-02-07.wav|03-01-02-01-01-02-20.wav|03-01-02-02-02-01-11.wav|03-01-02-02-02-01-11.wav
45,153,distress_SPSQUARE_003.wav,2,distress,SPSQUARE,9.0,2156.0,2160.0,2205.0,03-01-06-02-02-01-21.wav|03-01-06-02-02-02-08.wav|03-01-06-01-02-01-04.wav|03-01-06-01-01-01-24.wav|03-01-06-02-02-02-16.wav|03-01-05-02-02-02-13.wav|03-01-06-02-02-02-18.wav|03-01-05-02-02-01-09.wav|03-01-05-02-01-02-09.wav|03-01-05-02-01-02-15.wav|03-01-06-02-02-01-20.wav
46,75,calm_speech_DLIVING_005.wav,1,calm_speech,DLIVING,6.6,2205.0,2209.0,2254.0,03-01-01-01-02-01-24.wav|03-01-02-02-02-01-13.wav|03-01-02-01-02-02-23.wav|03-01-02-01-02-02-24.wav|03-01-02-01-01-01-05.wav|03-01-02-02-01-01-06.wav|03-01-02-02-02-02-05.wav|03-01-02-01-02-01-05.wav|03-01-02-01-02-02-24.wav|03-01-02-01-02-02-12.wav|03-01-02-02-02-01-09.wav
47,138,distress_DLIVING_008.wav,2,distress,DLIVING,13.3,2254.0,2258.0,2303.0,03-01-06-01-02-01-24.wav|03-01-06-02-01-01-17.wav|03-01-05-02-02-01-21.wav|03-01-06-01-01-01-14.wav|03-01-06-01-01-02-12.wav|03-01-06-01-01-02-12.wav|03-01-06-02-01-02-06.wav|03-01-06-01-02-01-07.wav|03-01-06-01-01-01-16.wav|03-01-05-02-01-02-08.wav|03-01-06-02-02-01-05.wav
48,158,distress_SPSQUARE_008.wav,2,distress,SPSQUARE,7.3,2303.0,2307.0,2352.0,03-01-06-01-01-02-17.wav|03-01-05-01-01-02-10.wav|03-01-06-01-02-02-03.wav|03-01-05-02-01-01-07.wav|03-01-06-01-02-01-18.wav|03-01-05-01-01-01-05.wav|03-01-06-01-02-02-10.wav|03-01-05-01-01-01-18.wav|03-01-05-01-01-01-17.wav|03-01-05-02-01-02-06.wav|03-01-06-01-01-02-19.wav
49,168,distress_OHALLWAY_008.wav,2,distress,OHALLWAY,11.2,2352.0,2356.0,2401.0,03-01-05-01-02-01-13.wav|03-01-06-02-01-02-22.wav|03-01-05-01-01-01-02.wav|03-01-05-02-02-02-23.wav|03-01-05-01-01-01-07.wav|03-01-05-01-01-02-15.wav|03-01-05-02-02-02-14.wav|03-01-05-01-02-02-14.wav|03-01-06-01-01-01-07.wav|03-01-05-01-01-02-17.wav|03-01-06-02-02-01-20.wav
50,116,calm_speech_NPARK_006.wav,1,calm_speech,NPARK,6.2,2401.0,2405.0,2450.0,03-01-02-02-01-02-02.wav|03-01-02-01-02-02-02.wav|03-01-01-01-01-01-22.wav|03-01-01-01-01-02-05.wav|03-01-02-01-02-01-23.wav|03-01-02-01-02-01-17.wav|03-01-02-02-01-02-16.wav|03-01-01-01-01-01-24.wav|03-01-02-02-01-01-07.wav|03-01-02-02-01-01-18.wav|03-01-01-01-02-01-05.wav
51,10,background_DKITCHEN_010.wav,0,background,DKITCHEN,N/A,2450.0,2454.0,2499.0,N/A
52,86,calm_speech_PRESTO_006.wav,1,calm_speech,PRESTO,7.4,2499.0,2503.0,2548.0,03-01-01-01-02-02-19.wav|03-01-01-01-02-02-13.wav|03-01-02-01-02-02-12.wav|03-01-02-01-02-01-14.wav|03-01-01-01-01-01-24.wav|03-01-02-01-02-02-06.wav|03-01-02-02-02-01-10.wav|03-01-02-01-02-01-07.wav|03-01-01-01-01-01-10.wav|03-01-02-02-01-01-18.wav|03-01-01-01-01-02-15.wav|03-01-01-01-02-01-20.wav
53,134,distress_DLIVING_004.wav,2,distress,DLIVING,8.7,2548.0,2552.0,2597.0,03-01-05-01-02-01-10.wav|03-01-05-02-02-01-21.wav|03-01-06-02-02-02-03.wav|03-01-05-01-01-01-20.wav|03-01-05-02-01-01-13.wav|03-01-06-01-01-02-19.wav|03-01-06-01-02-01-24.wav|03-01-05-01-02-02-02.wav|03-01-05-02-01-01-19.wav|03-01-05-01-01-02-07.wav|03-01-06-01-01-01-20.wav
54,171,distress_NPARK_001.wav,2,distress,NPARK,9.8,2597.0,2601.0,2646.0,03-01-06-02-02-01-18.wav|03-01-05-01-01-02-24.wav|03-01-05-01-02-02-10.wav|03-01-05-02-01-02-19.wav|03-01-05-02-02-01-18.wav|03-01-06-01-02-01-13.wav|03-01-05-01-01-01-12.wav|03-01-06-01-01-01-05.wav|03-01-05-01-02-02-02.wav|03-01-06-02-02-02-23.wav|03-01-05-01-02-01-12.wav
55,154,distress_SPSQUARE_004.wav,2,distress,SPSQUARE,14.2,2646.0,2650.0,2695.0,03-01-06-02-01-01-16.wav|03-01-06-02-02-01-04.wav|03-01-05-02-02-02-03.wav|03-01-05-02-02-02-06.wav|03-01-06-02-02-02-23.wav|03-01-06-02-01-01-03.wav|03-01-06-02-02-01-22.wav|03-01-05-01-02-02-11.wav|03-01-05-01-02-01-12.wav|03-01-05-01-01-02-03.wav|03-01-05-02-01-02-18.wav
56,174,distress_NPARK_004.wav,2,distress,NPARK,14.1,2695.0,2699.0,2744.0,03-01-06-02-01-02-03.wav|03-01-05-02-01-02-19.wav|03-01-05-01-01-01-18.wav|03-01-05-01-02-01-24.wav|03-01-05-02-01-01-02.wav|03-01-06-01-01-02-06.wav|03-01-06-01-02-02-06.wav|03-01-05-01-02-01-02.wav|03-01-06-01-02-02-13.wav|03-01-06-02-01-02-16.wav|03-01-06-02-02-01-24.wav
57,51,background_NPARK_001.wav,0,background,NPARK,N/A,2744.0,2748.0,2793.0,N/A
58,114,calm_speech_NPARK_004.wav,1,calm_speech,NPARK,14.1,2793.0,2797.0,2842.0,03-01-01-01-01-01-08.wav|03-01-02-01-02-02-21.wav|03-01-02-01-02-02-13.wav|03-01-02-01-01-02-15.wav|03-01-02-02-02-01-05.wav|03-01-01-01-02-02-04.wav|03-01-02-01-02-02-10.wav|03-01-02-02-02-02-17.wav|03-01-02-02-01-02-24.wav|03-01-02-02-02-01-04.wav|03-01-02-02-02-01-17.wav
59,43,background_OHALLWAY_003.wav,0,background,OHALLWAY,N/A,2842.0,2846.0,2891.0,N/A
60,76,calm_speech_DLIVING_006.wav,1,calm_speech,DLIVING,7.0,2891.0,2895.0,2940.0,03-01-01-01-02-02-12.wav|03-01-02-02-02-02-21.wav|03-01-02-02-01-01-03.wav|03-01-02-01-02-02-19.wav|03-01-02-02-01-02-12.wav|03-01-01-01-01-01-01.wav|03-01-02-01-02-01-06.wav|03-01-01-01-02-01-12.wav|03-01-02-01-01-02-19.wav|03-01-02-02-01-02-19.wav|03-01-02-01-01-01-01.wav
61,61,calm_speech_DKITCHEN_001.wav,1,calm_speech,DKITCHEN,13.1,2940.0,2944.0,2989.0,03-01-02-02-02-02-20.wav|03-01-01-01-02-02-06.wav|03-01-01-01-01-02-17.wav|03-01-02-01-02-01-24.wav|03-01-02-01-01-01-16.wav|03-01-01-01-02-01-09.wav|03-01-02-02-02-02-03.wav|03-01-02-02-01-01-10.wav|03-01-02-01-01-02-13.wav|03-01-02-02-02-02-10.wav|03-01-02-01-01-02-05.wav
62,163,distress_OHALLWAY_003.wav,2,distress,OHALLWAY,8.9,2989.0,2993.0,3038.0,03-01-06-01-02-01-15.wav|03-01-06-01-02-02-08.wav|03-01-06-01-02-01-19.wav|03-01-06-01-01-01-02.wav|03-01-05-01-01-01-10.wav|03-01-05-01-01-02-20.wav|03-01-05-01-01-02-21.wav|03-01-05-01-01-01-16.wav|03-01-05-01-01-02-18.wav|03-01-05-02-02-02-04.wav|03-01-05-02-01-01-05.wav
63,4,background_DKITCHEN_004.wav,0,background,DKITCHEN,N/A,3038.0,3042.0,3087.0,N/A
64,64,calm_speech_DKITCHEN_004.wav,1,calm_speech,DKITCHEN,12.5,3087.0,3091.0,3136.0,03-01-02-02-02-01-19.wav|03-01-01-01-01-01-18.wav|03-01-02-01-01-01-10.wav|03-01-02-02-01-01-22.wav|03-01-02-02-02-01-04.wav|03-01-01-01-01-01-03.wav|03-01-02-02-01-01-05.wav|03-01-02-02-01-02-07.wav|03-01-02-01-02-02-19.wav|03-01-02-01-02-01-03.wav|03-01-01-01-02-02-17.wav
65,124,distress_DKITCHEN_004.wav,2,distress,DKITCHEN,8.5,3136.0,3140.0,3185.0,03-01-05-02-02-02-19.wav|03-01-06-02-01-02-07.wav|03-01-05-01-01-01-22.wav|03-01-05-01-02-02-08.wav|03-01-05-02-02-02-04.wav|03-01-06-02-01-01-18.wav|03-01-06-01-02-01-04.wav|03-01-06-02-02-02-09.wav|03-01-05-02-01-02-08.wav|03-01-06-01-02-02-14.wav|03-01-06-02-02-02-18.wav
66,23,background_PRESTO_003.wav,0,background,PRESTO,N/A,3185.0,3189.0,3234.0,N/A
67,84,calm_speech_PRESTO_004.wav,1,calm_speech,PRESTO,8.8,3234.0,3238.0,3283.0,03-01-01-01-01-01-18.wav|03-01-02-01-01-01-07.wav|03-01-01-01-02-01-01.wav|03-01-02-01-02-01-05.wav|03-01-02-02-01-01-19.wav|03-01-02-01-02-02-08.wav|03-01-01-01-01-02-23.wav|03-01-01-01-01-02-03.wav|03-01-02-01-01-02-11.wav|03-01-01-01-02-01-06.wav|03-01-02-02-01-01-06.wav
68,142,distress_PRESTO_002.wav,2,distress,PRESTO,8.7,3283.0,3287.0,3332.0,03-01-05-02-01-01-04.wav|03-01-06-01-01-01-17.wav|03-01-06-02-02-02-04.wav|03-01-06-01-02-01-03.wav|03-01-05-01-01-02-06.wav|03-01-05-02-02-01-15.wav|03-01-05-02-02-01-17.wav|03-01-06-02-02-02-14.wav|03-01-05-01-02-01-08.wav|03-01-05-02-02-01-15.wav|03-01-05-01-01-02-12.wav
69,95,calm_speech_SPSQUARE_005.wav,1,calm_speech,SPSQUARE,10.3,3332.0,3336.0,3381.0,03-01-02-02-01-01-19.wav|03-01-02-01-01-02-24.wav|03-01-01-01-01-01-16.wav|03-01-02-02-01-01-20.wav|03-01-01-01-01-01-14.wav|03-01-02-02-02-01-10.wav|03-01-01-01-02-01-09.wav|03-01-01-01-01-02-06.wav|03-01-02-02-02-02-23.wav|03-01-02-02-02-01-08.wav|03-01-01-01-02-01-10.wav
70,53,background_NPARK_003.wav,0,background,NPARK,N/A,3381.0,3385.0,3430.0,N/A
71,29,background_PRESTO_009.wav,0,background,PRESTO,N/A,3430.0,3434.0,3479.0,N/A
72,67,calm_speech_DKITCHEN_007.wav,1,calm_speech,DKITCHEN,13.1,3479.0,3483.0,3528.0,03-01-01-01-02-01-11.wav|03-01-01-01-02-02-11.wav|03-01-01-01-02-01-04.wav|03-01-02-02-01-02-21.wav|03-01-02-02-02-02-03.wav|03-01-02-02-01-02-23.wav|03-01-02-01-01-02-06.wav|03-01-02-01-01-01-21.wav|03-01-02-01-01-02-24.wav|03-01-01-01-02-02-12.wav|03-01-02-01-02-02-19.wav
73,159,distress_SPSQUARE_009.wav,2,distress,SPSQUARE,11.6,3528.0,3532.0,3577.0,03-01-05-01-01-01-24.wav|03-01-06-01-01-01-20.wav|03-01-05-01-01-01-19.wav|03-01-06-02-01-01-01.wav|03-01-05-02-02-02-02.wav|03-01-06-02-01-02-21.wav|03-01-05-02-02-02-19.wav|03-01-05-01-01-01-21.wav|03-01-05-02-01-01-19.wav|03-01-05-02-01-01-20.wav
74,39,background_SPSQUARE_009.wav,0,background,SPSQUARE,N/A,3577.0,3581.0,3626.0,N/A
75,164,distress_OHALLWAY_004.wav,2,distress,OHALLWAY,12.3,3626.0,3630.0,3675.0,03-01-06-02-02-01-13.wav|03-01-05-02-02-02-02.wav|03-01-06-01-02-01-02.wav|03-01-06-02-02-02-18.wav|03-01-06-01-01-02-12.wav|03-01-05-01-02-02-10.wav|03-01-05-02-01-02-13.wav|03-01-05-02-02-01-15.wav|03-01-06-01-01-02-18.wav|03-01-06-02-01-02-20.wav|03-01-06-02-01-01-20.wav
76,42,background_OHALLWAY_002.wav,0,background,OHALLWAY,N/A,3675.0,3679.0,3724.0,N/A
77,148,distress_PRESTO_008.wav,2,distress,PRESTO,12.8,3724.0,3728.0,3773.0,03-01-06-01-02-01-15.wav|03-01-05-02-02-02-10.wav|03-01-05-02-02-01-02.wav|03-01-05-02-02-01-07.wav|03-01-05-01-02-02-02.wav|03-01-06-02-02-02-10.wav|03-01-06-01-02-02-13.wav|03-01-05-02-02-01-18.wav|03-01-05-01-01-02-09.wav|03-01-06-02-01-01-21.wav|03-01-05-01-02-01-10.wav
78,41,background_OHALLWAY_001.wav,0,background,OHALLWAY,N/A,3773.0,3777.0,3822.0,N/A
79,160,distress_SPSQUARE_010.wav,2,distress,SPSQUARE,10.0,3822.0,3826.0,3871.0,03-01-05-02-01-01-21.wav|03-01-05-02-01-02-10.wav|03-01-06-02-01-01-10.wav|03-01-06-02-01-02-08.wav|03-01-06-02-02-02-22.wav|03-01-06-01-01-02-10.wav|03-01-05-02-02-02-03.wav|03-01-06-02-01-02-02.wav|03-01-05-01-01-02-15.wav|03-01-05-02-02-01-16.wav|03-01-06-01-01-01-07.wav
80,94,calm_speech_SPSQUARE_004.wav,1,calm_speech,SPSQUARE,6.9,3871.0,3875.0,3920.0,03-01-01-01-02-02-11.wav|03-01-02-01-01-01-18.wav|03-01-02-02-01-01-24.wav|03-01-01-01-02-02-11.wav|03-01-02-01-01-01-21.wav|03-01-01-01-01-02-21.wav|03-01-02-02-01-01-01.wav|03-01-02-01-02-01-13.wav|03-01-01-01-02-02-18.wav|03-01-02-01-01-01-11.wav|03-01-02-02-01-01-16.wav
81,38,background_SPSQUARE_008.wav,0,background,SPSQUARE,N/A,3920.0,3924.0,3969.0,N/A
82,65,calm_speech_DKITCHEN_005.wav,1,calm_speech,DKITCHEN,10.3,3969.0,3973.0,4018.0,03-01-02-01-02-02-24.wav|03-01-02-01-01-02-01.wav|03-01-02-02-02-01-05.wav|03-01-02-02-02-02-23.wav|03-01-02-01-01-01-12.wav|03-01-02-01-02-01-15.wav|03-01-02-01-02-01-13.wav|03-01-02-01-02-02-07.wav|03-01-01-01-01-01-01.wav|03-01-01-01-02-01-12.wav|03-01-02-01-01-01-22.wav
83,152,distress_SPSQUARE_002.wav,2,distress,SPSQUARE,9.4,4018.0,4022.0,4067.0,03-01-05-01-01-01-05.wav|03-01-06-01-01-01-08.wav|03-01-05-02-02-01-21.wav|03-01-06-01-01-02-12.wav|03-01-05-01-02-01-19.wav|03-01-06-01-01-01-20.wav|03-01-06-02-01-01-22.wav|03-01-06-02-01-02-12.wav|03-01-05-01-02-02-15.wav|03-01-05-02-02-01-03.wav|03-01-05-02-02-01-05.wav
84,8,background_DKITCHEN_008.wav,0,background,DKITCHEN,N/A,4067.0,4071.0,4116.0,N/A
85,28,background_PRESTO_008.wav,0,background,PRESTO,N/A,4116.0,4120.0,4165.0,N/A
86,125,distress_DKITCHEN_005.wav,2,distress,DKITCHEN,13.2,4165.0,4169.0,4214.0,03-01-06-02-02-02-20.wav|03-01-06-02-02-02-21.wav|03-01-06-02-01-02-01.wav|03-01-05-01-01-01-22.wav|03-01-05-02-01-01-23.wav|03-01-06-02-01-01-01.wav|03-01-06-01-02-02-09.wav|03-01-06-02-02-02-10.wav|03-01-06-02-01-02-11.wav|03-01-05-02-01-01-01.wav|03-01-06-01-02-01-05.wav
87,120,calm_speech_NPARK_010.wav,1,calm_speech,NPARK,6.1,4214.0,4218.0,4263.0,03-01-02-01-01-02-22.wav|03-01-02-02-02-02-02.wav|03-01-01-01-02-01-23.wav|03-01-02-02-02-01-20.wav|03-01-02-01-01-01-02.wav|03-01-02-01-02-01-21.wav|03-01-01-01-01-02-18.wav|03-01-02-01-02-02-05.wav|03-01-02-01-02-01-19.wav|03-01-02-01-02-02-04.wav|03-01-02-01-01-01-07.wav
88,57,background_NPARK_007.wav,0,background,NPARK,N/A,4263.0,4267.0,4312.0,N/A
89,52,background_NPARK_002.wav,0,background,NPARK,N/A,4312.0,4316.0,4361.0,N/A
90,130,distress_DKITCHEN_010.wav,2,distress,DKITCHEN,10.7,4361.0,4365.0,4410.0,03-01-06-02-01-02-23.wav|03-01-05-02-02-01-14.wav|03-01-06-01-02-01-04.wav|03-01-06-01-01-02-01.wav|03-01-05-02-01-02-11.wav|03-01-05-02-01-01-20.wav|03-01-05-01-02-01-23.wav|03-01-06-01-01-02-12.wav|03-01-06-02-02-02-14.wav|03-01-05-02-02-01-04.wav|03-01-06-02-02-02-14.wav
91,128,distress_DKITCHEN_008.wav,2,distress,DKITCHEN,9.9,4410.0,4414.0,4459.0,03-01-05-02-01-02-22.wav|03-01-05-02-02-02-02.wav|03-01-06-01-02-01-13.wav|03-01-06-02-01-01-02.wav|03-01-06-01-01-01-07.wav|03-01-06-02-01-02-07.wav|03-01-05-02-02-01-05.wav|03-01-05-01-02-01-09.wav|03-01-05-02-02-01-11.wav|03-01-05-02-01-01-01.wav|03-01-06-02-02-02-24.wav
92,7,background_DKITCHEN_007.wav,0,background,DKITCHEN,N/A,4459.0,4463.0,4508.0,N/A
93,91,calm_speech_SPSQUARE_001.wav,1,calm_speech,SPSQUARE,10.8,4508.0,4512.0,4557.0,03-01-01-01-01-01-17.wav|03-01-02-01-01-01-09.wav|03-01-02-01-01-01-11.wav|03-01-02-02-02-01-13.wav|03-01-01-01-01-02-06.wav|03-01-02-02-02-01-02.wav|03-01-02-02-01-02-23.wav|03-01-02-02-01-02-16.wav|03-01-02-01-02-02-22.wav|03-01-02-01-02-01-15.wav|03-01-02-02-02-02-18.wav
94,127,distress_DKITCHEN_007.wav,2,distress,DKITCHEN,6.6,4557.0,4561.0,4606.0,03-01-05-02-01-01-20.wav|03-01-06-01-02-01-22.wav|03-01-06-01-02-02-09.wav|03-01-05-01-02-01-22.wav|03-01-06-01-01-01-16.wav|03-01-05-01-02-01-15.wav|03-01-06-01-02-02-09.wav|03-01-05-02-02-01-17.wav|03-01-05-01-01-01-12.wav|03-01-06-01-01-01-04.wav|03-01-06-02-01-01-22.wav
95,111,calm_speech_NPARK_001.wav,1,calm_speech,NPARK,14.0,4606.0,4610.0,4655.0,03-01-01-01-02-01-20.wav|03-01-01-01-02-01-13.wav|03-01-01-01-02-02-24.wav|03-01-01-01-01-02-04.wav|03-01-02-02-01-01-15.wav|03-01-02-02-01-02-13.wav|03-01-02-02-01-01-19.wav|03-01-02-02-01-01-11.wav|03-01-02-02-02-01-13.wav|03-01-02-01-01-01-17.wav|03-01-02-02-01-01-21.wav
96,173,distress_NPARK_003.wav,2,distress,NPARK,6.0,4655.0,4659.0,4704.0,03-01-06-01-01-02-11.wav|03-01-05-01-01-02-16.wav|03-01-06-02-01-02-22.wav|03-01-05-02-02-01-05.wav|03-01-06-01-01-02-18.wav|03-01-05-01-02-01-06.wav|03-01-05-01-01-02-21.wav|03-01-05-01-02-02-16.wav|03-01-05-01-01-01-21.wav|03-01-05-01-02-02-10.wav|03-01-05-01-02-01-10.wav
97,157,distress_SPSQUARE_007.wav,2,distress,SPSQUARE,9.5,4704.0,4708.0,4753.0,03-01-06-02-01-02-22.wav|03-01-05-01-01-01-12.wav|03-01-06-01-02-01-18.wav|03-01-06-02-01-01-19.wav|03-01-05-01-02-01-05.wav|03-01-05-01-01-01-17.wav|03-01-06-02-01-01-02.wav|03-01-06-02-02-02-04.wav|03-01-06-02-02-02-05.wav|03-01-05-02-01-01-06.wav|03-01-05-02-02-02-11.wav
98,129,distress_DKITCHEN_009.wav,2,distress,DKITCHEN,6.3,4753.0,4757.0,4802.0,03-01-05-01-02-01-18.wav|03-01-05-02-02-01-08.wav|03-01-06-02-02-01-18.wav|03-01-05-02-02-02-22.wav|03-01-05-02-01-02-12.wav|03-01-06-01-02-02-13.wav|03-01-06-01-02-02-24.wav|03-01-06-02-02-02-14.wav|03-01-06-01-02-02-15.wav|03-01-05-02-02-01-03.wav|03-01-05-01-01-01-11.wav
99,13,background_DLIVING_003.wav,0,background,DLIVING,N/A,4802.0,4806.0,4851.0,N/A
100,150,distress_PRESTO_010.wav,2,distress,PRESTO,5.8,4851.0,4855.0,4900.0,03-01-05-02-02-02-20.wav|03-01-06-02-01-02-06.wav|03-01-05-02-02-02-10.wav|03-01-05-02-01-01-04.wav|03-01-05-02-02-01-11.wav|03-01-06-01-01-01-10.wav|03-01-05-02-01-02-15.wav|03-01-06-01-01-02-23.wav|03-01-05-02-02-01-06.wav|03-01-05-01-02-02-15.wav|03-01-05-02-01-02-15.wav
101,27,background_PRESTO_007.wav,0,background,PRESTO,N/A,4900.0,4904.0,4949.0,N/A
102,136,distress_DLIVING_006.wav,2,distress,DLIVING,8.9,4949.0,4953.0,4998.0,03-01-06-02-01-02-11.wav|03-01-05-01-02-01-20.wav|03-01-05-02-02-02-21.wav|03-01-06-01-02-02-11.wav|03-01-06-01-01-01-11.wav|03-01-06-02-01-02-18.wav|03-01-05-02-01-02-13.wav|03-01-05-01-01-02-09.wav|03-01-05-01-01-01-22.wav|03-01-05-02-02-02-20.wav|03-01-06-01-02-02-05.wav
103,3,background_DKITCHEN_003.wav,0,background,DKITCHEN,N/A,4998.0,5002.0,5047.0,N/A
104,99,calm_speech_SPSQUARE_009.wav,1,calm_speech,SPSQUARE,7.6,5047.0,5051.0,5096.0,03-01-02-01-02-02-04.wav|03-01-01-01-02-01-11.wav|03-01-02-01-02-01-24.wav|03-01-02-01-02-02-07.wav|03-01-02-01-01-02-18.wav|03-01-01-01-01-01-21.wav|03-01-02-01-01-02-02.wav|03-01-01-01-02-01-13.wav|03-01-01-01-01-02-13.wav|03-01-02-02-01-01-20.wav|03-01-02-02-02-02-10.wav|03-01-01-01-02-02-12.wav
105,166,distress_OHALLWAY_006.wav,2,distress,OHALLWAY,6.4,5096.0,5100.0,5145.0,03-01-06-02-02-01-20.wav|03-01-05-01-02-02-06.wav|03-01-05-01-02-02-20.wav|03-01-06-01-02-01-10.wav|03-01-06-02-01-01-11.wav|03-01-05-02-01-01-17.wav|03-01-06-01-02-01-16.wav|03-01-05-01-01-01-19.wav|03-01-05-01-02-02-16.wav|03-01-06-01-01-01-01.wav|03-01-06-01-01-02-11.wav
106,54,background_NPARK_004.wav,0,background,NPARK,N/A,5145.0,5149.0,5194.0,N/A
107,85,calm_speech_PRESTO_005.wav,1,calm_speech,PRESTO,11.7,5194.0,5198.0,5243.0,03-01-02-02-02-01-24.wav|03-01-02-01-01-02-14.wav|03-01-02-01-01-02-19.wav|03-01-02-01-02-01-22.wav|03-01-02-01-01-01-24.wav|03-01-02-02-01-02-07.wav|03-01-02-01-01-01-21.wav|03-01-01-01-01-01-12.wav|03-01-02-01-02-02-11.wav|03-01-02-02-01-02-12.wav|03-01-01-01-02-01-23.wav
108,104,calm_speech_OHALLWAY_004.wav,1,calm_speech,OHALLWAY,11.2,5243.0,5247.0,5292.0,03-01-01-01-02-02-22.wav|03-01-02-01-01-02-19.wav|03-01-02-02-01-01-03.wav|03-01-02-01-01-01-12.wav|03-01-02-02-02-02-06.wav|03-01-01-01-02-01-13.wav|03-01-02-02-01-02-21.wav|03-01-01-01-01-02-02.wav|03-01-01-01-02-01-11.wav|03-01-02-02-01-02-07.wav|03-01-02-01-02-01-24.wav
109,5,background_DKITCHEN_005.wav,0,background,DKITCHEN,N/A,5292.0,5296.0,5341.0,N/A
110,169,distress_OHALLWAY_009.wav,2,distress,OHALLWAY,13.7,5341.0,5345.0,5390.0,03-01-06-01-01-01-24.wav|03-01-06-02-02-02-02.wav|03-01-05-02-02-01-05.wav|03-01-06-01-01-02-07.wav|03-01-05-02-01-02-11.wav|03-01-05-02-01-01-16.wav|03-01-05-01-01-02-13.wav|03-01-05-02-02-02-06.wav|03-01-05-01-02-01-18.wav|03-01-05-02-02-02-18.wav|03-01-06-01-02-02-22.wav
111,143,distress_PRESTO_003.wav,2,distress,PRESTO,9.1,5390.0,5394.0,5439.0,03-01-06-01-02-01-13.wav|03-01-06-02-02-01-12.wav|03-01-05-02-01-02-13.wav|03-01-06-02-02-01-12.wav|03-01-06-02-01-01-01.wav|03-01-05-01-02-01-04.wav|03-01-06-02-02-02-23.wav|03-01-06-01-02-02-11.wav|03-01-06-01-01-01-05.wav|03-01-05-02-01-01-02.wav|03-01-05-01-01-02-16.wav
112,180,distress_NPARK_010.wav,2,distress,NPARK,10.3,5439.0,5443.0,5488.0,03-01-06-01-01-02-12.wav|03-01-05-01-01-01-19.wav|03-01-06-02-02-02-02.wav|03-01-06-01-01-01-18.wav|03-01-05-01-02-01-17.wav|03-01-05-02-01-02-19.wav|03-01-06-01-02-02-05.wav|03-01-05-02-02-01-11.wav|03-01-06-01-02-01-17.wav|03-01-06-01-02-02-04.wav|03-01-06-01-02-02-07.wav
113,113,calm_speech_NPARK_003.wav,1,calm_speech,NPARK,12.2,5488.0,5492.0,5537.0,03-01-02-01-02-02-06.wav|03-01-01-01-01-02-05.wav|03-01-02-02-01-01-02.wav|03-01-01-01-02-02-19.wav|03-01-02-01-02-01-16.wav|03-01-02-02-02-02-06.wav|03-01-02-01-02-02-13.wav|03-01-02-02-01-01-18.wav|03-01-02-01-02-01-09.wav|03-01-01-01-01-01-24.wav|03-01-02-01-02-02-16.wav
114,25,background_PRESTO_005.wav,0,background,PRESTO,N/A,5537.0,5541.0,5586.0,N/A
115,36,background_SPSQUARE_006.wav,0,background,SPSQUARE,N/A,5586.0,5590.0,5635.0,N/A
116,20,background_DLIVING_010.wav,0,background,DLIVING,N/A,5635.0,5639.0,5684.0,N/A
117,45,background_OHALLWAY_005.wav,0,background,OHALLWAY,N/A,5684.0,5688.0,5733.0,N/A
118,59,background_NPARK_009.wav,0,background,NPARK,N/A,5733.0,5737.0,5782.0,N/A
119,32,background_SPSQUARE_002.wav,0,background,SPSQUARE,N/A,5782.0,5786.0,5831.0,N/A
120,30,background_PRESTO_010.wav,0,background,PRESTO,N/A,5831.0,5835.0,5880.0,N/A
121,106,calm_speech_OHALLWAY_006.wav,1,calm_speech,OHALLWAY,6.4,5880.0,5884.0,5929.0,03-01-02-02-02-02-03.wav|03-01-02-02-01-01-18.wav|03-01-02-01-02-02-22.wav|03-01-01-01-01-01-01.wav|03-01-02-02-01-01-13.wav|03-01-02-02-02-02-21.wav|03-01-01-01-02-01-07.wav|03-01-02-01-02-01-23.wav|03-01-02-02-01-01-15.wav|03-01-02-01-02-01-24.wav|03-01-01-01-02-01-24.wav
122,49,background_OHALLWAY_009.wav,0,background,OHALLWAY,N/A,5929.0,5933.0,5978.0,N/A
123,69,calm_speech_DKITCHEN_009.wav,1,calm_speech,DKITCHEN,13.6,5978.0,5982.0,6027.0,03-01-01-01-01-01-04.wav|03-01-01-01-01-01-11.wav|03-01-02-02-01-02-21.wav|03-01-01-01-01-01-24.wav|03-01-01-01-02-02-21.wav|03-01-01-01-02-02-21.wav|03-01-02-01-01-01-18.wav|03-01-01-01-01-01-05.wav|03-01-02-02-02-02-19.wav|03-01-02-01-02-02-19.wav|03-01-01-01-01-02-20.wav
124,55,background_NPARK_005.wav,0,background,NPARK,N/A,6027.0,6031.0,6076.0,N/A
125,70,calm_speech_DKITCHEN_010.wav,1,calm_speech,DKITCHEN,5.5,6076.0,6080.0,6125.0,03-01-01-01-02-01-05.wav|03-01-01-01-02-01-18.wav|03-01-02-01-01-02-15.wav|03-01-02-01-02-02-05.wav|03-01-01-01-02-01-09.wav|03-01-02-02-02-02-23.wav|03-01-02-02-02-01-06.wav|03-01-02-02-01-01-08.wav|03-01-02-01-01-02-20.wav|03-01-01-01-02-02-04.wav|03-01-02-01-01-02-24.wav
126,93,calm_speech_SPSQUARE_003.wav,1,calm_speech,SPSQUARE,5.9,6125.0,6129.0,6174.0,03-01-02-01-02-01-20.wav|03-01-01-01-01-01-20.wav|03-01-01-01-02-01-17.wav|03-01-01-01-01-02-02.wav|03-01-02-02-02-01-14.wav|03-01-02-02-02-01-21.wav|03-01-01-01-02-01-16.wav|03-01-01-01-01-01-12.wav|03-01-02-02-02-02-12.wav|03-01-02-02-01-02-12.wav|03-01-02-01-01-02-01.wav
127,87,calm_speech_PRESTO_007.wav,1,calm_speech,PRESTO,7.1,6174.0,6178.0,6223.0,03-01-02-02-02-02-18.wav|03-01-02-02-02-01-01.wav|03-01-01-01-02-01-17.wav|03-01-01-01-02-02-01.wav|03-01-01-01-01-01-16.wav|03-01-02-01-02-02-17.wav|03-01-02-02-02-01-18.wav|03-01-01-01-02-02-24.wav|03-01-02-01-01-01-10.wav|03-01-02-01-01-01-10.wav|03-01-01-01-01-01-19.wav
128,167,distress_OHALLWAY_007.wav,2,distress,OHALLWAY,14.8,6223.0,6227.0,6272.0,03-01-06-01-02-01-19.wav|03-01-05-01-02-02-24.wav|03-01-05-01-01-02-23.wav|03-01-06-02-01-02-01.wav|03-01-05-01-02-01-16.wav|03-01-05-01-02-01-21.wav|03-01-06-01-01-01-19.wav|03-01-05-02-01-01-08.wav|03-01-06-01-02-01-02.wav|03-01-05-02-02-02-16.wav|03-01-06-02-02-01-17.wav
129,77,calm_speech_DLIVING_007.wav,1,calm_speech,DLIVING,14.5,6272.0,6276.0,6321.0,03-01-01-01-02-01-07.wav|03-01-02-01-02-01-02.wav|03-01-02-02-01-02-16.wav|03-01-02-01-02-01-24.wav|03-01-02-02-02-02-19.wav|03-01-02-02-02-01-02.wav|03-01-02-01-02-01-16.wav|03-01-02-02-01-01-02.wav|03-01-01-01-02-02-16.wav|03-01-02-01-01-02-11.wav|03-01-01-01-02-02-05.wav
130,165,distress_OHALLWAY_005.wav,2,distress,OHALLWAY,14.8,6321.0,6325.0,6370.0,03-01-06-01-01-02-13.wav|03-01-06-02-01-02-11.wav|03-01-06-01-02-02-12.wav|03-01-06-01-02-01-05.wav|03-01-05-02-02-02-20.wav|03-01-06-02-01-02-13.wav|03-01-05-02-01-02-02.wav|03-01-05-02-01-01-02.wav|03-01-06-02-02-02-23.wav|03-01-05-01-02-01-16.wav|03-01-06-01-01-02-15.wav|03-01-06-01-01-02-20.wav
131,162,distress_OHALLWAY_002.wav,2,distress,OHALLWAY,14.5,6370.0,6374.0,6419.0,03-01-05-01-02-02-20.wav|03-01-06-02-02-02-08.wav|03-01-05-01-01-01-06.wav|03-01-05-02-02-01-11.wav|03-01-05-02-02-02-19.wav|03-01-05-01-01-01-11.wav|03-01-05-01-01-01-06.wav|03-01-05-02-02-02-17.wav|03-01-06-02-02-02-16.wav|03-01-06-02-02-01-10.wav|03-01-06-02-02-02-01.wav
132,58,background_NPARK_008.wav,0,background,NPARK,N/A,6419.0,6423.0,6468.0,N/A
133,33,background_SPSQUARE_003.wav,0,background,SPSQUARE,N/A,6468.0,6472.0,6517.0,N/A
134,101,calm_speech_OHALLWAY_001.wav,1,calm_speech,OHALLWAY,14.4,6517.0,6521.0,6566.0,03-01-02-01-01-01-22.wav|03-01-01-01-01-01-22.wav|03-01-02-01-02-02-04.wav|03-01-02-02-01-01-02.wav|03-01-01-01-01-02-19.wav|03-01-02-02-01-02-14.wav|03-01-02-02-01-01-11.wav|03-01-02-02-02-01-04.wav|03-01-02-02-02-01-01.wav|03-01-02-01-01-02-12.wav|03-01-02-02-01-01-02.wav
135,46,background_OHALLWAY_006.wav,0,background,OHALLWAY,N/A,6566.0,6570.0,6615.0,N/A
136,31,background_SPSQUARE_001.wav,0,background,SPSQUARE,N/A,6615.0,6619.0,6664.0,N/A
137,90,calm_speech_PRESTO_010.wav,1,calm_speech,PRESTO,5.2,6664.0,6668.0,6713.0,03-01-02-01-02-01-07.wav|03-01-02-01-01-02-06.wav|03-01-02-02-02-01-05.wav|03-01-01-01-02-02-10.wav|03-01-02-02-02-02-11.wav|03-01-02-02-01-01-16.wav|03-01-02-02-02-01-05.wav|03-01-02-02-02-01-07.wav|03-01-01-01-02-01-14.wav|03-01-01-01-01-01-02.wav
138,146,distress_PRESTO_006.wav,2,distress,PRESTO,11.6,6713.0,6717.0,6762.0,03-01-06-01-01-02-03.wav|03-01-05-02-02-02-12.wav|03-01-06-02-01-01-17.wav|03-01-05-01-02-02-17.wav|03-01-05-01-02-02-17.wav|03-01-06-01-01-02-01.wav|03-01-05-01-01-01-16.wav|03-01-06-01-01-02-21.wav|03-01-06-02-02-01-12.wav|03-01-06-02-02-02-24.wav|03-01-05-02-01-01-12.wav
139,21,background_PRESTO_001.wav,0,background,PRESTO,N/A,6762.0,6766.0,6811.0,N/A
140,141,distress_PRESTO_001.wav,2,distress,PRESTO,6.9,6811.0,6815.0,6860.0,03-01-06-02-01-01-22.wav|03-01-05-02-01-01-19.wav|03-01-06-02-01-01-15.wav|03-01-05-01-01-01-10.wav|03-01-05-01-02-02-13.wav|03-01-06-01-02-02-17.wav|03-01-05-01-01-02-06.wav|03-01-05-02-02-01-07.wav|03-01-06-01-01-01-20.wav|03-01-05-01-01-01-09.wav|03-01-06-02-01-02-21.wav
141,97,calm_speech_SPSQUARE_007.wav,1,calm_speech,SPSQUARE,12.5,6860.0,6864.0,6909.0,03-01-01-01-02-02-05.wav|03-01-02-01-02-01-01.wav|03-01-01-01-01-01-13.wav|03-01-02-01-02-01-21.wav|03-01-02-01-02-01-15.wav|03-01-02-02-01-01-03.wav|03-01-02-01-01-02-21.wav|03-01-01-01-02-02-03.wav|03-01-01-01-01-02-21.wav|03-01-01-01-02-01-03.wav|03-01-01-01-02-01-07.wav
142,177,distress_NPARK_007.wav,2,distress,NPARK,11.7,6909.0,6913.0,6958.0,03-01-06-02-02-01-06.wav|03-01-05-02-01-01-16.wav|03-01-06-02-02-02-08.wav|03-01-05-02-01-02-09.wav|03-01-06-01-01-01-08.wav|03-01-05-02-02-02-09.wav|03-01-06-01-01-01-11.wav|03-01-06-01-02-01-19.wav|03-01-05-02-01-02-19.wav|03-01-05-02-01-02-09.wav|03-01-05-02-02-02-12.wav
143,98,calm_speech_SPSQUARE_008.wav,1,calm_speech,SPSQUARE,14.5,6958.0,6962.0,7007.0,03-01-02-01-01-02-04.wav|03-01-01-01-01-01-06.wav|03-01-02-02-01-02-18.wav|03-01-02-01-02-02-10.wav|03-01-01-01-02-02-23.wav|03-01-02-01-02-01-20.wav|03-01-02-01-01-02-19.wav|03-01-02-02-02-01-19.wav|03-01-02-01-01-02-03.wav|03-01-01-01-02-01-05.wav|03-01-02-02-02-02-09.wav
144,96,calm_speech_SPSQUARE_006.wav,1,calm_speech,SPSQUARE,7.8,7007.0,7011.0,7056.0,03-01-02-01-01-01-23.wav|03-01-01-01-01-02-13.wav|03-01-01-01-02-02-09.wav|03-01-02-02-01-01-10.wav|03-01-02-01-02-01-08.wav|03-01-02-01-02-02-01.wav|03-01-02-02-02-01-23.wav|03-01-02-02-02-01-12.wav|03-01-01-01-02-01-03.wav|03-01-02-01-01-01-13.wav|03-01-02-01-01-02-06.wav
145,108,calm_speech_OHALLWAY_008.wav,1,calm_speech,OHALLWAY,13.7,7056.0,7060.0,7105.0,03-01-01-01-02-02-19.wav|03-01-02-01-01-02-23.wav|03-01-02-02-01-02-20.wav|03-01-01-01-01-02-07.wav|03-01-02-02-01-01-07.wav|03-01-01-01-01-01-21.wav|03-01-01-01-02-02-12.wav|03-01-02-02-02-02-17.wav|03-01-02-01-02-02-04.wav|03-01-01-01-01-01-15.wav|03-01-02-02-02-01-23.wav
146,35,background_SPSQUARE_005.wav,0,background,SPSQUARE,N/A,7105.0,7109.0,7154.0,N/A
147,47,background_OHALLWAY_007.wav,0,background,OHALLWAY,N/A,7154.0,7158.0,7203.0,N/A
148,105,calm_speech_OHALLWAY_005.wav,1,calm_speech,OHALLWAY,9.1,7203.0,7207.0,7252.0,03-01-02-01-02-02-10.wav|03-01-02-02-02-01-05.wav|03-01-01-01-01-01-06.wav|03-01-02-01-02-01-07.wav|03-01-02-01-01-01-13.wav|03-01-02-01-02-02-12.wav|03-01-02-02-01-01-21.wav|03-01-02-01-01-01-11.wav|03-01-02-01-02-01-24.wav|03-01-02-01-01-01-17.wav|03-01-02-02-01-01-22.wav
149,74,calm_speech_DLIVING_004.wav,1,calm_speech,DLIVING,11.7,7252.0,7256.0,7301.0,03-01-02-02-01-02-13.wav|03-01-02-01-01-01-14.wav|03-01-01-01-01-02-04.wav|03-01-02-02-02-01-20.wav|03-01-02-01-01-02-05.wav|03-01-02-01-02-01-23.wav|03-01-02-01-02-02-22.wav|03-01-02-02-02-02-06.wav|03-01-02-02-02-01-15.wav|03-01-02-02-02-02-03.wav|03-01-02-01-02-01-11.wav
150,9,background_DKITCHEN_009.wav,0,background,DKITCHEN,N/A,7301.0,7305.0,7350.0,N/A
151,121,distress_DKITCHEN_001.wav,2,distress,DKITCHEN,7.8,7350.0,7354.0,7399.0,03-01-06-01-01-01-21.wav|03-01-06-01-01-01-18.wav|03-01-05-02-01-02-11.wav|03-01-05-01-01-02-20.wav|03-01-05-02-02-02-10.wav|03-01-05-01-02-01-17.wav|03-01-06-02-01-01-14.wav|03-01-06-01-01-01-23.wav|03-01-05-01-02-01-21.wav|03-01-06-01-02-01-18.wav|03-01-06-02-02-01-07.wav
152,18,background_DLIVING_008.wav,0,background,DLIVING,N/A,7399.0,7403.0,7448.0,N/A
153,16,background_DLIVING_006.wav,0,background,DLIVING,N/A,7448.0,7452.0,7497.0,N/A
154,139,distress_DLIVING_009.wav,2,distress,DLIVING,13.4,7497.0,7501.0,7546.0,03-01-05-01-02-02-04.wav|03-01-05-02-01-01-18.wav|03-01-06-01-02-01-24.wav|03-01-06-02-01-01-17.wav|03-01-05-01-02-01-22.wav|03-01-05-02-01-01-20.wav|03-01-05-01-01-02-20.wav|03-01-06-02-02-02-05.wav|03-01-06-02-01-02-06.wav|03-01-05-01-02-02-23.wav|03-01-06-02-01-02-20.wav
155,17,background_DLIVING_007.wav,0,background,DLIVING,N/A,7546.0,7550.0,7595.0,N/A
156,89,calm_speech_PRESTO_009.wav,1,calm_speech,PRESTO,9.5,7595.0,7599.0,7644.0,03-01-02-01-01-01-15.wav|03-01-01-01-02-01-17.wav|03-01-02-02-02-02-18.wav|03-01-02-01-02-02-04.wav|03-01-02-02-01-02-01.wav|03-01-01-01-01-01-24.wav|03-01-02-02-02-02-15.wav|03-01-02-02-02-02-03.wav|03-01-02-02-01-01-02.wav|03-01-02-01-01-01-02.wav|03-01-02-01-02-02-11.wav
157,109,calm_speech_OHALLWAY_009.wav,1,calm_speech,OHALLWAY,8.2,7644.0,7648.0,7693.0,03-01-02-02-02-01-21.wav|03-01-01-01-01-02-24.wav|03-01-02-02-02-02-03.wav|03-01-01-01-02-01-13.wav|03-01-02-02-02-01-04.wav|03-01-01-01-02-01-05.wav|03-01-02-01-01-02-05.wav|03-01-01-01-01-02-08.wav|03-01-02-02-01-02-13.wav|03-01-01-01-01-02-02.wav|03-01-02-02-02-01-14.wav
158,12,background_DLIVING_002.wav,0,background,DLIVING,N/A,7693.0,7697.0,7742.0,N/A
159,19,background_DLIVING_009.wav,0,background,DLIVING,N/A,7742.0,7746.0,7791.0,N/A
160,149,distress_PRESTO_009.wav,2,distress,PRESTO,12.8,7791.0,7795.0,7840.0,03-01-05-01-02-01-21.wav|03-01-06-01-02-02-09.wav|03-01-06-02-01-01-12.wav|03-01-06-02-01-01-13.wav|03-01-05-01-01-02-15.wav|03-01-05-02-01-02-13.wav|03-01-06-02-02-02-06.wav|03-01-05-01-02-02-23.wav|03-01-06-02-01-01-12.wav|03-01-06-01-01-02-17.wav|03-01-06-01-02-01-03.wav
161,56,background_NPARK_006.wav,0,background,NPARK,N/A,7840.0,7844.0,7889.0,N/A
162,1,background_DKITCHEN_001.wav,0,background,DKITCHEN,N/A,7889.0,7893.0,7938.0,N/A
163,66,calm_speech_DKITCHEN_006.wav,1,calm_speech,DKITCHEN,10.1,7938.0,7942.0,7987.0,03-01-02-01-02-01-05.wav|03-01-02-02-01-01-13.wav|03-01-02-01-02-02-22.wav|03-01-02-01-01-01-09.wav|03-01-02-02-02-02-16.wav|03-01-02-02-02-02-07.wav|03-01-02-02-01-01-23.wav|03-01-01-01-01-02-01.wav|03-01-02-02-01-02-14.wav|03-01-02-02-01-02-01.wav|03-01-02-01-01-01-16.wav
164,102,calm_speech_OHALLWAY_002.wav,1,calm_speech,OHALLWAY,6.8,7987.0,7991.0,8036.0,03-01-01-01-01-02-23.wav|03-01-02-01-01-02-19.wav|03-01-02-02-01-01-12.wav|03-01-01-01-01-01-19.wav|03-01-01-01-01-02-21.wav|03-01-02-02-02-01-04.wav|03-01-02-02-02-01-15.wav|03-01-01-01-02-01-15.wav|03-01-02-01-01-01-05.wav|03-01-02-02-02-02-07.wav|03-01-02-01-02-01-18.wav
165,6,background_DKITCHEN_006.wav,0,background,DKITCHEN,N/A,8036.0,8040.0,8085.0,N/A
166,79,calm_speech_DLIVING_009.wav,1,calm_speech,DLIVING,6.1,8085.0,8089.0,8134.0,03-01-02-01-02-02-02.wav|03-01-01-01-01-01-21.wav|03-01-02-01-02-01-09.wav|03-01-02-02-02-02-20.wav|03-01-01-01-01-01-14.wav|03-01-02-02-01-01-10.wav|03-01-01-01-02-01-02.wav|03-01-01-01-02-01-09.wav|03-01-01-01-01-01-15.wav|03-01-02-02-02-02-03.wav|03-01-02-02-01-01-12.wav
167,119,calm_speech_NPARK_009.wav,1,calm_speech,NPARK,6.7,8134.0,8138.0,8183.0,03-01-01-01-01-01-02.wav|03-01-02-01-02-02-01.wav|03-01-01-01-01-01-11.wav|03-01-02-02-01-02-14.wav|03-01-02-01-01-02-08.wav|03-01-02-02-01-01-03.wav|03-01-02-02-02-02-18.wav|03-01-02-02-02-01-05.wav|03-01-02-01-02-01-03.wav|03-01-02-01-01-01-20.wav|03-01-02-01-01-01-16.wav
168,144,distress_PRESTO_004.wav,2,distress,PRESTO,6.4,8183.0,8187.0,8232.0,03-01-06-01-02-02-23.wav|03-01-05-02-01-01-15.wav|03-01-05-01-02-01-01.wav|03-01-06-01-02-02-03.wav|03-01-05-01-02-02-09.wav|03-01-06-01-02-02-05.wav|03-01-05-02-01-01-24.wav|03-01-06-01-02-02-17.wav|03-01-06-01-01-01-04.wav|03-01-05-01-02-02-10.wav|03-01-06-02-01-01-10.wav|03-01-06-01-01-01-02.wav
169,176,distress_NPARK_006.wav,2,distress,NPARK,11.5,8232.0,8236.0,8281.0,03-01-06-01-01-02-23.wav|03-01-05-02-02-02-01.wav|03-01-06-02-01-01-11.wav|03-01-06-01-01-01-10.wav|03-01-06-01-02-01-22.wav|03-01-05-01-02-02-07.wav|03-01-06-02-01-01-20.wav|03-01-06-01-02-02-21.wav|03-01-06-02-02-02-13.wav|03-01-06-01-02-01-14.wav|03-01-05-02-02-01-11.wav
170,145,distress_PRESTO_005.wav,2,distress,PRESTO,11.4,8281.0,8285.0,8330.0,03-01-06-01-02-02-20.wav|03-01-05-01-01-01-03.wav|03-01-06-02-02-02-16.wav|03-01-05-01-01-02-18.wav|03-01-05-02-02-02-21.wav|03-01-05-02-02-01-19.wav|03-01-06-01-01-02-23.wav|03-01-05-02-02-01-10.wav|03-01-05-01-01-01-01.wav|03-01-05-02-02-01-12.wav|03-01-05-02-01-01-19.wav
171,175,distress_NPARK_005.wav,2,distress,NPARK,14.3,8330.0,8334.0,8379.0,03-01-05-02-01-01-02.wav|03-01-06-01-01-02-10.wav|03-01-05-02-02-02-20.wav|03-01-06-01-02-02-11.wav|03-01-06-01-01-01-15.wav|03-01-05-02-02-01-18.wav|03-01-06-01-02-02-16.wav|03-01-05-02-01-01-05.wav|03-01-05-01-02-01-17.wav|03-01-06-01-02-02-09.wav|03-01-06-01-01-02-04.wav|03-01-05-01-02-02-06.wav
172,107,calm_speech_OHALLWAY_007.wav,1,calm_speech,OHALLWAY,14.3,8379.0,8383.0,8428.0,03-01-01-01-01-01-09.wav|03-01-01-01-02-01-11.wav|03-01-02-01-01-01-17.wav|03-01-02-01-02-01-18.wav|03-01-02-01-01-02-14.wav|03-01-01-01-02-02-21.wav|03-01-01-01-02-02-17.wav|03-01-02-01-01-02-07.wav|03-01-02-01-02-01-02.wav|03-01-02-01-01-02-22.wav|03-01-01-01-01-02-15.wav
173,132,distress_DLIVING_002.wav,2,distress,DLIVING,7.4,8428.0,8432.0,8477.0,03-01-06-01-01-01-05.wav|03-01-05-02-01-02-07.wav|03-01-05-02-02-02-20.wav|03-01-05-01-02-01-21.wav|03-01-06-01-02-02-06.wav|03-01-05-02-01-01-21.wav|03-01-06-02-02-01-15.wav|03-01-05-01-01-01-19.wav|03-01-06-01-01-01-19.wav|03-01-06-02-01-02-22.wav|03-01-05-01-01-02-19.wav
174,34,background_SPSQUARE_004.wav,0,background,SPSQUARE,N/A,8477.0,8481.0,8526.0,N/A
175,117,calm_speech_NPARK_007.wav,1,calm_speech,NPARK,11.2,8526.0,8530.0,8575.0,03-01-02-02-02-02-12.wav|03-01-02-02-01-02-16.wav|03-01-02-01-02-01-19.wav|03-01-01-01-01-02-11.wav|03-01-02-01-01-01-16.wav|03-01-02-02-01-01-16.wav|03-01-01-01-02-02-16.wav|03-01-02-02-02-02-17.wav|03-01-01-01-01-02-09.wav|03-01-01-01-02-01-06.wav|03-01-02-02-01-01-20.wav|03-01-01-01-01-02-10.wav
176,15,background_DLIVING_005.wav,0,background,DLIVING,N/A,8575.0,8579.0,8624.0,N/A
177,115,calm_speech_NPARK_005.wav,1,calm_speech,NPARK,10.4,8624.0,8628.0,8673.0,03-01-02-02-01-01-20.wav|03-01-01-01-02-01-12.wav|03-01-01-01-02-02-17.wav|03-01-02-02-02-01-16.wav|03-01-02-02-02-02-10.wav|03-01-01-01-02-01-02.wav|03-01-02-02-02-02-24.wav|03-01-02-01-01-02-10.wav|03-01-02-01-02-01-03.wav|03-01-01-01-01-01-20.wav|03-01-02-02-02-01-13.wav
178,131,distress_DLIVING_001.wav,2,distress,DLIVING,10.2,8673.0,8677.0,8722.0,03-01-06-01-02-01-13.wav|03-01-06-02-02-02-10.wav|03-01-06-02-01-02-11.wav|03-01-06-01-02-01-11.wav|03-01-05-02-01-02-06.wav|03-01-05-02-01-02-17.wav|03-01-06-01-02-01-04.wav|03-01-05-02-01-02-17.wav|03-01-05-01-01-02-12.wav|03-01-05-02-01-01-24.wav|03-01-05-02-02-01-21.wav
179,24,background_PRESTO_004.wav,0,background,PRESTO,N/A,8722.0,8726.0,8771.0,N/A
180,126,distress_DKITCHEN_006.wav,2,distress,DKITCHEN,9.0,8771.0,8775.0,8820.0,03-01-06-01-01-02-05.wav|03-01-06-01-01-01-21.wav|03-01-06-02-02-01-01.wav|03-01-06-02-02-02-24.wav|03-01-06-02-02-01-07.wav|03-01-05-02-02-02-14.wav|03-01-06-02-02-01-11.wav|03-01-06-02-01-02-12.wav|03-01-05-01-01-02-24.wav|03-01-05-01-02-01-19.wav|03-01-06-01-01-02-03.wav
